{
  "BFS-Retail": {
    "Industries": {
      "q113": 21.100837935771,
      "q213": 18.9415062260063,
      "q313": 38.9560666490613,
      "q413": 42.7604503052092,
      "q114": 20.86,
      "FYAvg": 30.439715279012
    },
    "CompaniesImpacted": {
      "q113": 62.1621621621622,
      "q213": 48.6486486486487,
      "q313": 70.2702702702703,
      "q413": 68,
      "q114": 56,
      "FYAvg": 62.1621621621622
    },
    "AverageVolatility": {
      "q113": 2.62162162162162,
      "q213": 1.7027027027027,
      "q313": 1.89189189189189,
      "q413": 1.24324324324324,
      "q114": 1.76,
      "FYAvg": 1.86486486486487
    },
    "Others": {
      "FinancialIndustries": {
        "q113": 0.200430812566127,
        "q213": 0.189938259829807,
        "q313": 0.157663896336683,
        "q413": 0.123237819466983,
        "q114": 0.01440329218107,
        "FYAvg": 0.1678176970499
      },
      "RegulatoryIndustries": {
        "q113": 0.296020892405356,
        "q213": 0.114314693416088,
        "q313": 0.218004399872945,
        "q413": 0.0503011508028501,
        "q114": 0.188957475994513,
        "FYAvg": 0.16966028412431
      },
      "MAIndustries": {
        "q113": 0.493368154008927,
        "q213": 0.233905449605226,
        "q313": 0.490509899714126,
        "q413": 0.326957480218526,
        "q114": 0.046639231824417,
        "FYAvg": 0.386185245886701
      },
      "RestructuringIndustries": {
        "q113": 0.140301568796289,
        "q213": 0.0439671897754184,
        "q313": 0.163503299904709,
        "q413": 0.264081041714963,
        "q114": 0.0713305898491084,
        "FYAvg": 0.152963275047845
      },
      "LeadershipIndustries": {
        "q113": 0.499535255934039,
        "q213": 0.246216262742343,
        "q313": 0.246216262742343,
        "q413": 0.0754517262042752,
        "q114": 0.12482853223594,
        "FYAvg": 0.280239823676489
      }
    }
  },
"Lifescience": {
    "Industries": {
      "q113": 22.6569665207048,
      "q213": 36.4690018804421,
      "q313": 51.2396012083631,
      "q413": 97.3813849495675,
      "q114": 16.561208677686,
      "FYAvg": 49.6138350401726
    },
    "CompaniesImpacted": {
      "q113": 40,
      "q213": 48,
      "q313": 55,
      "q413": 69,
      "q114": 48,
      "FYAvg": 53
    },
    "AverageVolatility": {
      "q113": 0.923076923076923,
      "q213": 1.24615384615385,
      "q313": 1.50769230769231,
      "q413": 2.29230769230769,
      "q114": 1.04,
      "FYAvg": 1.49230769230769
    },
    "Others": {
      "FinancialIndustries": {
        "q113": 0.157264957264957,
        "q213": 0.339611158072696,
        "q313": 0.0328065644512733,
        "q413": 0.0832143965249767,
        "q114": 0.00694444444444444,
        "FYAvg": 0.153224269078476
      },
      "RegulatoryIndustries": {
        "q113": 0.118518518518519,
        "q213": 0.0125781910397295,
        "q313": 0.179410899342901,
        "q413": 0.0649958600076741,
        "q114": 0,
        "FYAvg": 0.0938758672272058
      },
      "MAIndustries": {
        "q113": 0.00369809688581315,
        "q213": 0.00340348289749844,
        "q313": 0.0787727688189593,
        "q413": 0.398275437111539,
        "q114": 0.0841412742382271,          
        "FYAvg": 0.121037446428452
      },
      "RestructuringIndustries": {
        "q113": 0.00227920227920228,
        "q213": 0.0377345731191885,
        "q313": 0.126612834679133,
        "q413": 0.487468950057556,
        "q114": 0.0104166666666667,
        "FYAvg": 0.16352389003377
      },
      "LeadershipIndustries": {
        "q113": 0.0170940170940171,
        "q213": 0.0157227387996619,
        "q313": 0.0861172316845925,
        "q413": 0.248166010938392,
	"q114": 0.02734375,
        "FYAvg": 0.0917749996291659
      }
    }
  }

}
