{
  "QuarterLabels": {
    "q113": "Jan - Feb",
    "q213": "Mar - Apr"
  },
  "BFS-Retail": {
    "Industries": {
      "q113": 21.100837935771,
      "q213": 18.9415062260063,
      "q313": 38.9560666490613,
      "q413": 42.7604503052092,
      "q114": 20.86,
      "FYAvg": 30.439715279012
    },
    "CompaniesImpacted": {
      "q113": 62.1621621621622,
      "q213": 48.6486486486487,
      "q313": 70.2702702702703,
      "q413": 68,
      "FYAvg": 62.1621621621622
    },
    "AverageVolatility": {
      "q113": 2.62162162162162,
      "q213": 1.7027027027027,
      "q313": 1.89189189189189,
      "q413": 1.24324324324324,
      "FYAvg": 1.86486486486487
    },
    "Others": {
      "FinancialIndustries": {
        "q113": 0.200430812566127,
        "q213": 0.189938259829807,
        "q313": 0.157663896336683,
        "q413": 0.123237819466983,
        "FYAvg": 0.1678176970499
      },
      "RegulatoryIndustries": {
        "q113": 0.296020892405356,
        "q213": 0.114314693416088,
        "q313": 0.218004399872945,
        "q413": 0.0503011508028501,
        "FYAvg": 0.16966028412431
      },
      "MAIndustries": {
        "q113": 0.493368154008927,
        "q213": 0.233905449605226,
        "q313": 0.490509899714126,
        "q413": 0.326957480218526,
        "FYAvg": 0.386185245886701
      },
      "RestructuringIndustries": {
        "q113": 0.140301568796289,
        "q213": 0.0439671897754184,
        "q313": 0.163503299904709,
        "q413": 0.264081041714963,
        "FYAvg": 0.152963275047845
      },
      "LeadershipIndustries": {
        "q113": 0.499535255934039,
        "q213": 0.246216262742343,
        "q313": 0.246216262742343,
        "q413": 0.0754517262042752,
        "FYAvg": 0.280239823676489
      }
    }
  }
}